{
    "0": 9.71903721702063,
    "1": 3.2473897769541633,
    "2": 21.842418983815183,
    "3": 22.569541378330406,
    "4": 22.500061058312465,
    "5": 21.79312137340044,
    "6": 22.210711235828672,
    "7": 21.261863735145123,
    "8": 24.290375694069144,
    "9": 23.39914547972406,
    "10": 27.514996177848932,
    "11": 23.820497957182486,
    "12": 8.538200565460345,
    "13": 2.929036289197181,
    "14": 21.49201441132857,
    "15": 17.771819511039357,
    "16": 22.096590020988906,
    "17": 20.836874046945837,
    "18": 23.03481236911556,
    "19": 21.710987343970395,
    "20": 23.046582979484754,
    "21": 22.07367715716547,
    "22": 25.26723781320164,
    "23": 22.782404046922977,
    "24": 6.850031371908289,
    "25": 3.1581494515890767,
    "26": 21.625399294638083,
    "27": 17.47625611097588,
    "28": 21.96637536810124,
    "29": 20.42908467095199,
    "30": 22.360412793818952,
    "31": 21.01390465333388,
    "32": 23.75769286565224,
    "33": 22.29594287378489,
    "34": 26.79561834977897,
    "35": 24.999912197553233,
    "36": 10.41033807764774,
    "37": 2.627303552297607,
    "38": 21.1287798226552,
    "39": 16.05591416305975,
    "40": 24.28400995438345,
    "41": 20.11132320684479,
    "42": 22.70331069589011,
    "43": 21.117840498111963,
    "44": 22.900852894916518,
    "45": 22.309442187387656,
    "46": 25.274315166359287,
    "47": 22.57814011418921
}